{
  "top_genes": [
    "RHEX",
    "BEX3",
    "CAPN13",
    "ZNF552",
    "AL035661.1",
    "ITGAL",
    "CMBL",
    "LMX1B",
    "FAM214A",
    "MLPH",
    "DNAH5",
    "ZEB1",
    "HLA-DRB1",
    "MB",
    "NFE4",
    "THY1",
    "XBP1",
    "UTRN",
    "INPP4B",
    "PRKAG2-AS1",
    "HLTF",
    "TMEM98",
    "TBC1D9",
    "RHOB",
    "RTN4RL1",
    "TSC22D3",
    "GPRC5C",
    "NRIP1",
    "APLNR",
    "TPBG",
    "TTC22",
    "COL8A1",
    "NPDC1",
    "AP000553.7",
    "MIR5581",
    "LYPD6B",
    "PODNL1",
    "PTPRK",
    "FGL2",
    "SEC24C",
    "CTHRC1",
    "SCNN1A",
    "SLC7A8",
    "PTK6",
    "GNG7",
    "GPX7",
    "LTBP2",
    "ETS1",
    "FOXA1",
    "S100A16"
  ],
  "scores": {
    "RHEX": 0.0007067997357808053,
    "BEX3": 0.0007046632235869765,
    "CAPN13": 0.0006948708323761821,
    "ZNF552": 0.0006828155019320548,
    "AL035661.1": 0.0006702328100800514,
    "ITGAL": 0.0006614685989916325,
    "CMBL": 0.0006426958716474473,
    "LMX1B": 0.0006411155918613076,
    "FAM214A": 0.0006397488759830594,
    "MLPH": 0.000639104750007391,
    "DNAH5": 0.0006381877465173602,
    "ZEB1": 0.0006352512282319367,
    "HLA-DRB1": 0.0006348532624542713,
    "MB": 0.0006307958392426372,
    "NFE4": 0.000625444867182523,
    "THY1": 0.0006222747615538538,
    "XBP1": 0.0006214439054019749,
    "UTRN": 0.0006190454587340355,
    "INPP4B": 0.0006181542412377894,
    "PRKAG2-AS1": 0.0006178904441185296,
    "HLTF": 0.0006172751309350133,
    "TMEM98": 0.0006170637207105756,
    "TBC1D9": 0.0006170528940856457,
    "RHOB": 0.0006163077778182924,
    "RTN4RL1": 0.000614892051089555,
    "TSC22D3": 0.0006140437326394022,
    "GPRC5C": 0.0006134084542281926,
    "NRIP1": 0.0006118604214861989,
    "APLNR": 0.0006115349242463708,
    "TPBG": 0.0006109873647801578,
    "TTC22": 0.0006102718762122095,
    "COL8A1": 0.0006095665157772601,
    "NPDC1": 0.0006087931687943637,
    "AP000553.7": 0.0006083621992729604,
    "MIR5581": 0.0006077896105125546,
    "LYPD6B": 0.0006076726713217795,
    "PODNL1": 0.0006075363489799201,
    "PTPRK": 0.0006071412353776395,
    "FGL2": 0.0006065171328373253,
    "SEC24C": 0.0006057691643945873,
    "CTHRC1": 0.0006055922713130713,
    "SCNN1A": 0.0006036037229932845,
    "SLC7A8": 0.0006016443949192762,
    "PTK6": 0.0006013378733769059,
    "GNG7": 0.0006006243638694286,
    "GPX7": 0.0005992660881020129,
    "LTBP2": 0.0005991731304675341,
    "ETS1": 0.0005968455225229263,
    "FOXA1": 0.0005960584385320544,
    "S100A16": 0.0005949813057668507
  }
}